Score|Industry|URLtrim|Year Founded|Recurring Revenue|Margins|Stable Cash Flow|Industry Growth|Fragmented Industry|Straightforward Operations|Exogenous Risk|Barriers to Entry|Employee Estimate|Stickiness|Supplier Power|Customer Power|Service vs Project/Product|Longterm Relationships|Customer Concentration
Accept|cleaning_service|psi-ky.com|1994|4.1|medium|medium|low|medium|no|low|medium|51-200|medium|medium|high|service|medium|low
Reject|cleaning_service|puritancleaning.com|1981|1|low|medium|low|medium|yes|low|low|201-1000|medium|medium|high|service|medium|low
Accept|cleaning_service|pviwashing.com|1989|3.5|medium|medium|low|medium|no|low|medium|11-50|medium|medium|high|service|medium|low
Accept|cleaning_service|qpct.com|2004|1.6|medium|medium|low|medium|no|low|medium|2-10|medium|medium|high|service|medium|low
Accept|cleaning_service|qvestsanitation.com|2009|0.33|medium|medium|low|medium|no|low|medium|2-10|medium|medium|high|service|medium|low
Accept|cleaning_service|rocksolidjanitorial.com|1997|4.3|medium|medium|low|medium|no|low|medium|51-200|medium|medium|high|service|medium|low
Accept|cleaning_service|saniking.net|1994|2|medium|medium|low|medium|no|low|medium|11-50|medium|medium|high|service|medium|low
Accept|cleaning_service|sharrettsplating.com|1925|7.3|medium|medium|low|medium|no|low|medium|51-200|medium|medium|high|service|medium|low
Accept|cleaning_service|smithind.com|1969|10.4|medium|medium|low|medium|no|low|medium|51-200|medium|medium|high|service|medium|low
Accept|cleaning_service|timcoservice.com|1966|2.5|medium|medium|low|medium|no|low|medium|11-50|medium|medium|high|service|medium|low
Accept|cleaning_service|travis-industries.com|1886|10|medium|medium|low|medium|no|low|medium|51-200|medium|medium|high|service|medium|low
Accept|cleaning_service|ultrasoniccleaningcorp.com|1965|0.3|medium|medium|low|medium|no|low|high|2-10|high|medium|medium|service|medium|low
Accept|cleaning_service|uphoods.com|2007|0.3|medium|medium|low|medium|no|low|medium|2-10|medium|medium|high|service|medium|low
Accept|cleaning_service|vacujetseptic.com|1987|0.5|medium|medium|low|medium|no|low|medium|2-10|medium|medium|high|service|medium|low
Accept|cleaning_service|w-sindustrial.com|1993|10|medium|medium|low|medium|no|low|medium|51-200|medium|medium|high|service|medium|low
Accept|cleaning_service|worldclassworks.com|2013|0.5|medium|medium|low|medium|no|low|low|2-10|medium|medium|high|service|medium|low
Reject|cleaning_service|quantumclean.com|2000|12.5|low|medium|low|medium|no|low|medium|201-1000|medium|medium|high|service|medium|low
Reject|cleaning_service|shredngori.com|2008|0.5|low|low|low|high|yes|low|low|2-10|low|low|high|service|low|low
Reject|cleaning_service|startkleen.com|2009|2.1|low|medium|low|medium|no|low|medium|11-50|low|low|high|product|low|low
Reject|cleaning_service|supremeproclean.com|2002|0.77|low|medium|low|medium|no|low|medium|11-50|low|low|high|service|low|low
Reject|cleaning_service|ultrasonicllc.com|1987|0.2|low|low|low|medium|no|low|medium|2-10|low|low|high|product|low|low
Reject|cleaning_service|prs2restore.com|2000|2|low|low|low|medium|no|high|medium|11-50|low|medium|high|service|low|low
Reject|cleaning_service|ptiindustries.com|1983|6.1|medium|medium|low|medium|no|high|high|51-200|low|medium|high|product|low|low
Reject|cleaning_service|ptservice.com|1988|2.5|medium|medium|low|medium|no|medium|high|51-200|low|medium|high|product|low|low
Reject|cleaning_service|pureplatinumcleaning.com|2016|0.3|low|low|low|medium|no|medium|low|11-50|low|medium|high|service|low|low
Reject|cleaning_service|pvschemicals.com|2010|100|medium|medium|low|medium|no|medium|high|201-1000|medium|medium|medium|product|medium|low
Reject|cleaning_service|q4industries.com|2003|6.5|medium|low|low|medium|yes|low|low|11-50|low|low|high|product|low|low
Reject|cleaning_service|quadcitiescleanqueen.com|2005|0.02|low|low|low|high|yes|low|low|2-10|medium|low|high|service|medium|low
Reject|cleaning_service|qualitycleaningservicesnw.com|1983|1.9|low|medium|low|high|yes|low|low|51-200|low|low|high|service|medium|low
Accept|lab_equipment|thomasindcoatings.com|1991|23|medium|high|medium|medium|no|medium|medium|11-50|medium|medium|high|service|low|low
Accept|lab_equipment|totallinerefrigeration.com|1998|9.9|medium|high|medium|medium|no|medium|medium|11-50|medium|medium|high|product|low|low
Accept|lab_equipment|vacuumtechnology.com|1986|17.2|medium|high|medium|medium|no|low|high|51-200|medium|medium|medium|product|medium|low
Accept|lab_equipment|washref.com|1956|4.5|medium|high|medium|medium|no|medium|medium|11-50|medium|medium|high|product|medium|low
Accept|lab_equipment|wbscoatings.com|1980|10|medium|high|medium|medium|no|medium|medium|11-50|medium|medium|high|service|medium|low
Accept|lab_equipment|weathercontrolinc.com|1956|25|high|high|medium|medium|no|low|high|11-50|medium|medium|high|product|medium|low
Accept|lab_equipment|trsinc.us|2002|2.7|medium|high|medium|medium|no|low|high|11-50|medium|medium|high|product|medium|low
Accept|lab_equipment|uscoatings.com|2000|2.1|medium|high|medium|medium|no|low|high|11-50|medium|medium|high|product|medium|low
Accept|lab_equipment|whitcopump.com|2004|8.3|medium|high|medium|medium|no|low|high|11-50|medium|medium|high|product|medium|low
Accept|lab_equipment|yorkrepair.com|1978|12.7|medium|high|medium|medium|no|low|high|51-200|medium|medium|high|service|medium|low
reject|lab_equipment|trusteyman.com|1993|6.2|medium|medium|low|medium|yes|medium|medium|11-50|low|low|high|service|low|low
reject|lab_equipment|westernstates.com|1917|24.4|low|medium|low|low|no|medium|medium|201-1000|medium|medium|high|product|low|low
reject|lab_equipment|woodequip.com|1986|5|low|medium|low|medium|yes|medium|medium|11-50|low|low|high|service|low|low
reject|lab_equipment|woolleyfuel.com|1924|5|low|medium|low|medium|no|medium|medium|11-50|low|low|high|service|medium|low
reject|lab_equipment|umc-oscar.com|1945|10|low|medium|low|medium|no|medium|medium|11-50|low|low|high|service|low|low
Reject|lab_equipment|thermoplasticsco.com|1973|4.2|low|medium|low|medium|no|medium|medium|11-50|low|low|high|product|low|low
Reject|lab_equipment|xcentricmold.com|1996|3|low|medium|low|medium|no|medium|medium|11-50|low|low|high|product|low|low
Reject|lab_equipment|witmercompany.com|2006|4|low|medium|low|medium|no|medium|medium|11-50|low|medium|high|service|low|low
Reject|lab_equipment|wisconsinfuel.com|1923|15.4|medium|high|low|medium|yes|medium|medium|11-50|low|low|high|service|low|low
Reject|lab_equipment|westernhvac.com|1967|3.6|low|medium|low|medium|no|medium|medium|11-50|low|low|high|product|low|low
Reject|lab_equipment|wellmannheating.com|1990|3.6|low|medium|low|medium|no|medium|medium|11-50|low|low|high|service|low|low
Reject|lab_equipment|westernelectricalservices.com|1996|11|low|medium|low|medium|no|medium|medium|51-200|low|low|high|service|low|low
Reject|lab_equipment|wanaturalgas.com|2006|1|low|medium|low|medium|no|medium|medium|11-50|low|low|high|service|low|low
Reject|lab_equipment|visionmachine.com|2005|1.8|low|medium|low|medium|no|medium|medium|11-50|low|low|high|product|low|low
Reject|lab_equipment|tri-techheating.com|1993|3.5|low|medium|low|medium|no|medium|medium|11-50|low|low|high|service|low|low
Reject|lab_equipment|virginiapumpcompany.com|1968|2.2|low|medium|low|medium|no|medium|medium|11-50|low|low|high|service|low|low
Reject|lab_equipment|vtechsvc.com|2006|0.5|low|low|low|medium|no|medium|medium|2-10|low|low|high|service|low|low
Reject|lab_equipment|washingtonmachineworks.com|1985|0.5|low|low|low|medium|no|medium|medium|11-50|low|low|high|service|low|low
Accept|PT_OT_Speech_Therapy|karadodds.com|2003|0.31|high|medium|medium|medium|no|low|high|2-10|high|high|medium|service|high|medium
Accept|PT_OT_Speech_Therapy|kennedybrotherspt.com|1991|0.93|high|medium|medium|medium|no|low|high|11-50|high|high|medium|service|high|medium
Accept|PT_OT_Speech_Therapy|kids-in-sync.com|2011|0.5|high|medium|medium|medium|no|low|high|11-50|high|high|medium|service|high|medium
Accept|PT_OT_Speech_Therapy|kidsdevelopmentalclinic.com|2007|0.36|high|medium|medium|medium|no|low|high|11-50|high|high|medium|service|high|medium
Accept|PT_OT_Speech_Therapy|kidsourcetherapy.com|1998|3.8|high|medium|medium|medium|no|low|high|11-50|high|high|medium|service|high|medium
Accept|PT_OT_Speech_Therapy|kimpediatrics.com|1993|3.6|high|medium|medium|medium|no|low|high|11-50|high|high|medium|service|high|medium
Accept|PT_OT_Speech_Therapy|kinectpt.net|2004|0.59|high|medium|medium|medium|no|low|high|2-10|high|high|medium|service|high|medium
Accept|PT_OT_Speech_Therapy|kingtherapykc.com|1978|0.54|high|medium|medium|medium|no|low|high|2-10|high|high|medium|service|high|medium
Accept|PT_OT_Speech_Therapy|kitsapcounselor.com|1991|1.5|high|medium|medium|medium|no|low|high|11-50|high|high|medium|service|high|medium
Accept|PT_OT_Speech_Therapy|kmpediatrictherapy.com|2008|0.37|high|medium|medium|medium|no|low|high|11-50|high|high|medium|service|high|medium
Accept|PT_OT_Speech_Therapy|kochdbt.com|2003|0.37|high|medium|medium|medium|no|low|high|2-10|high|high|medium|service|high|medium
Accept|PT_OT_Speech_Therapy|kptrs.com|2006|0.38|high|medium|medium|medium|no|low|high|2-10|high|high|medium|service|high|medium
Accept|PT_OT_Speech_Therapy|labordetherapy.com|2000|1.1|high|medium|medium|medium|no|low|high|11-50|high|high|medium|service|high|medium
Accept|PT_OT_Speech_Therapy|lafortalezarehab.com|2000|1.8|high|medium|medium|medium|no|low|high|11-50|high|high|medium|service|high|medium
Accept|PT_OT_Speech_Therapy|lakesiderehab.com|2003|0.5|high|medium|medium|medium|no|low|high|2-10|high|high|medium|service|high|medium
Accept|PT_OT_Speech_Therapy|landmarkptclinics.com|2005|0.9|high|medium|medium|medium|no|low|high|11-50|high|high|medium|service|high|medium
Accept|PT_OT_Speech_Therapy|lascrucesrehab.com|2012|0.48|high|medium|medium|medium|no|low|high|2-10|high|high|medium|service|high|medium
Accept|PT_OT_Speech_Therapy|laspeechtherapysolutions.com|1998|0.5|high|medium|medium|medium|no|low|high|2-10|high|high|medium|service|high|medium
Accept|PT_OT_Speech_Therapy|leapsnboundz.com|2007|1.8|high|medium|medium|medium|no|low|high|11-50|high|high|medium|service|high|medium
Accept|PT_OT_Speech_Therapy|legacybhc.com|2010|1.2|high|medium|medium|medium|no|low|high|11-50|high|high|medium|service|high|medium
Accept|PT_OT_Speech_Therapy|life-healing.com|1993|1.2|high|medium|medium|medium|no|low|high|11-50|high|high|medium|service|high|medium
Accept|PT_OT_Speech_Therapy|lifefitnesspt.com|2000|3.5|high|medium|medium|medium|no|low|high|11-50|high|high|medium|service|high|medium
Accept|PT_OT_Speech_Therapy|lifeskillssouthflorida.com|1991|4.8|high|medium|medium|medium|no|low|high|51-200|high|high|medium|service|high|medium
Accept|PT_OT_Speech_Therapy|lifespantherapies.com|1988|4|high|medium|medium|medium|no|low|high|11-50|high|high|medium|service|high|medium
Accept|PT_OT_Speech_Therapy|lifeworksdm.com|2000|1.4|high|medium|medium|medium|no|low|high|11-50|high|high|medium|service|high|medium
Accept|PT_OT_Speech_Therapy|lispeech.com|2008|22|high|medium|medium|medium|no|low|high|51-200|high|high|medium|service|high|medium
Accept|PT_OT_Speech_Therapy|littlelukes.com|2003|27.1|high|medium|medium|medium|no|low|high|51-200|high|high|medium|service|high|medium
Accept|PT_OT_Speech_Therapy|littletesoros.com|2010|14.4|high|medium|medium|medium|no|low|high|51-200|high|high|medium|service|high|medium
Accept|PT_OT_Speech_Therapy|liveyourlifept.com|2010|6.8|high|medium|medium|medium|no|low|high|11-50|high|high|medium|service|high|medium
Accept|PT_OT_Speech_Therapy|lucidatreatment.com|2005|5.7|high|medium|medium|medium|no|low|high|51-200|high|high|medium|service|high|medium
Accept|PT_OT_Speech_Therapy|lucidspeech.com|1997|22.1|high|medium|medium|medium|no|low|high|51-200|high|high|medium|service|high|medium
Accept|PT_OT_Speech_Therapy|lyceumpm.com|2007|2|high|medium|medium|medium|no|low|high|11-50|high|high|medium|service|high|medium
Accept|PT_OT_Speech_Therapy|lycomingpt.com|1993|4|high|medium|medium|medium|no|low|high|11-50|high|high|medium|service|high|medium
Reject|PT_OT_Speech_Therapy|k-13physicaltherapy.com|2007|0.17|low|low|medium|medium|no|low|high|2-10|high|medium|high|service|medium|medium
Reject|PT_OT_Speech_Therapy|kansasortho.com|1980|2.2|low|low|medium|medium|no|low|high|11-50|medium|medium|high|service|medium|medium
Reject|PT_OT_Speech_Therapy|kcsportsrehab.com|1980|1.7|low|low|medium|medium|no|low|high|11-50|medium|medium|high|service|medium|medium
Reject|PT_OT_Speech_Therapy|ketaminewellnesscenters.com|2015|0.3|low|low|medium|medium|no|low|high|2-10|medium|medium|high|service|medium|medium
Reject|PT_OT_Speech_Therapy|kidscounttherapy.com|2015|0.17|low|low|medium|medium|no|low|high|2-10|medium|medium|high|service|medium|medium
Reject|PT_OT_Speech_Therapy|kocortho.com|1939|1.8|low|low|medium|medium|no|low|high|11-50|medium|medium|high|service|medium|medium
Reject|PT_OT_Speech_Therapy|liberty-post.com|2011|1|low|low|medium|medium|no|low|high|2-10|medium|medium|high|service|medium|medium
Reject|PT_OT_Speech_Therapy|loudounpt.com|1996|1|low|low|medium|medium|no|low|high|11-50|medium|medium|high|service|medium|medium
Reject|PT_OT_Speech_Therapy|lowcountryortho.com|1997|5|low|low|medium|medium|no|low|high|51-200|medium|medium|high|service|medium|medium
Reject|PT_OT_Speech_Therapy|m3pt.com|2017|0.1|low|low|medium|medium|yes|low|high|2-10|medium|medium|high|service|medium|medium
Reject|PT_OT_Speech_Therapy|madisonmedicalnj.com|2007|1.8|low|low|medium|medium|yes|low|medium|11-50|medium|medium|high|service|medium|medium
Reject|PT_OT_Speech_Therapy|lakeshoresf.com|2010|22|low|medium|low|medium|yes|low|medium|201-1000|medium|medium|high|service|medium|medium
Accept|CMMS_service|4ccmms.com|2018|0.04|medium|low|medium|high|no|low|medium|2-10|high|low|high|product|high|low
Accept|CMMS_service|aerialservicesinc.com|1967|5.9|medium|medium|medium|high|no|low|high|2-10|medium|medium|high|service|low|medium
Accept|CMMS_service|aldensys.com|1995|8.2|high|high|medium|medium|no|low|high|51-200|high|high|medium|product|high|medium
Accept|CMMS_service|ardham.com|2005|4.9|high|medium|medium|high|no|medium|medium|11-50|high|low|high|service|high|low
Accept|CMMS_service|www.euclidestech.com|2006|5.3|medium|medium|medium|high|no|medium|medium|11-50|high|low|high|service|high|low
Accept|CMMS_service|https://www.mas.systems|1987|1|medium|medium|medium|high|no|medium|medium|2-10|medium|low|high|service|high|low
Accept|CMMS_service|cerasis.com|1997|1.1|high|medium|medium|high|yes|medium|low|2-10|low|low|high|service|low|medium
Accept|CMMS_service|cfasoftware.com|1969|0.88|high|high|low|medium|no|low|high|2-10|high|high|low|service|high|medium
Accept|CMMS_service|champsinc.com|1976|4.5|high|high|high|high|no|low|high|11-50|high|high|low|service|high|low
Accept|CMMS_service|clubexpress.com|2004|5.8|high|high|medium|low|no|low|high|11-50|high|high|medium|service|high|low
Accept|CMMS_service|cmms.org|2005|0.25|high|medium|medium|high|no|low|medium|2-10|medium|low|high|service|medium|low
Accept|CMMS_service|cms-ma.com|1998|1.5|high|medium|low|high|no|low|high|11-50|medium|medium|high|service|low|low
Accept|CMMS_service|cogz.com|1989|1.4|high|medium|low|high|no|low|high|2-10|medium|medium|medium|product|medium|low
Accept|CMMS_service|coolblue.com|1989|7.4|high|high|high|high|no|low|high|11-50|high|medium|medium|service|high|low
Accept|CMMS_service|crestpt.com|2000|1.2|high|high|medium|high|no|low|high|2-10|high|medium|high|service|high|low
Accept|CMMS_service|managerplus.com|2004|4.5|high|high|high|high|no|low|high|11-50|high|medium|high|service|high|low
Accept|CMMS_service|clango.com|1993|10.5|high|high|high|medium|no|low|high|51-200|high|high|medium|service|high|low
Accept|CMMS_service|eosgroup.com|1995|6.5|high|high|medium|high|no|low|high|11-50|high|medium|high|product|high|low
Accept|CMMS_service|fleet-maintenance.com|1996|11|high|high|low|low|no|medium|high|2-10|high|high|high|service|high|low
Accept|CMMS_service|kcftech.com|2000|2.3|medium|medium|low|medium|no|high|high|11-50|high|medium|high|service|medium|medium
Accept|CMMS_service|maintstar.com|1981|1.6|medium|medium|low|high|no|medium|medium|11-50|medium|medium|high|service|medium|low
Accept|CMMS_service|mapcon.com|1982|1|medium|medium|low|high|no|medium|high|2-10|medium|medium|high|product|medium|low
Accept|CMMS_service|netfacilities.com|2002|2|high|high|medium|high|no|low|high|2-10|medium|medium|high|service|medium|low
Accept|CMMS_service|novosolutions.com|1999|1.1|medium|high|medium|high|no|low|high|2-10|medium|medium|high|service|medium|low
Accept|CMMS_service|nuvolo.com|2013|1|medium|medium|low|high|no|low|high|51-200|medium|medium|high|service|medium|low
Accept|CMMS_service|poweron.com|1994|7.5|high|medium|medium|high|no|low|high|51-200|high|medium|high|product|medium|low
Accept|CMMS_service|prometheusgroup.com|1998|22.5|high|high|medium|medium|no|low|high|51-200|high|medium|high|service|high|medium
Accept|CMMS_service|quickfms.com|2002|1|medium|medium|medium|high|no|low|high|2-10|medium|medium|high|service|medium|low
Accept|CMMS_service|rfidgs.com|2004|5.2|medium|medium|medium|high|no|low|high|11-50|medium|medium|high|product|medium|low
Accept|CMMS_service|seagilbart.com|1985|1.4|medium|medium|medium|medium|no|low|high|11-50|high|high|medium|service|high|medium
Accept|CMMS_service|signaturefacilities.com|1999|4.1|medium|high|medium|high|no|low|high|51-200|high|medium|high|service|high|low
Accept|CMMS_service|smglobal.com|2002|0.13|medium|medium|medium|high|no|low|high|2-10|medium|medium|high|service|medium|low
Accept|CMMS_service|sunbirddcim.com|2015|13.6|medium|high|medium|high|no|low|high|51-200|high|medium|high|product|medium|low
Accept|CMMS_service|teamworkslive.com|2002|3.3|medium|high|medium|high|no|low|high|11-50|medium|medium|high|product|medium|low
Accept|CMMS_service|techservicesnj.com|1989|1.3|medium|high|medium|high|no|low|high|11-50|medium|medium|high|product|high|low
Accept|CMMS_service|tmasystems.com|1988|15.3|medium|high|medium|high|no|low|high|51-200|high|medium|high|product|high|low
Reject|CMMS_service|advocoinc.com|2002|4|medium|medium|medium|high|no|low|high|11-50|medium|medium|high|service|high|low
Reject|CMMS_service|arcweb.com|1986|7.3|medium|high|medium|high|no|low|high|51-200|high|medium|high|product|high|low
Reject|CMMS_service|copleycg.com|1989|10|medium|high|medium|high|no|low|high|11-50|medium|medium|high|product|medium|low
Reject|CMMS_service|pcaconsulting.com|1976|0.46|low|medium|medium|high|no|low|high|2-10|medium|low|high|service|medium|low
Reject|CMMS_service|SelectHub.com|2012|3|low|medium|medium|high|no|low|high|11-50|low|low|high|service|low|low
Reject|CMMS_service|skybitz.com|2002|20.2|medium|medium|medium|high|no|low|high|51-200|medium|medium|high|product|medium|low
Reject|CMMS_service|theteamcompanies.com|1992|1300|high|high|medium|high|no|low|high|51-200|medium|medium|high|service|medium|low
Reject|CMMS_service|imsparamed.com|1993|5.4|high|high|medium|medium|no|medium|high|11-50|medium|medium|high|service|medium|low
Reject|CMMS_service|absconsulting.com|1971|12.2|medium|high|medium|medium|no|medium|high|51-200|medium|medium|high|service|medium|low
Reject|CMMS_service|accela.com|2017|80|medium|high|medium|medium|no|medium|high|201-1000|medium|medium|high|service|medium|low
Reject|CMMS_service|accruent.com|2017|196|medium|high|medium|medium|no|medium|high|201-1000|medium|medium|high|service|medium|low
Reject|CMMS_service|amerilimo.com|1953|2.5|low|high|low|medium|yes|low|low|11-50|low|low|high|service|low|low
Reject|CMMS_service|archibus.com|2007|7.1|medium|medium|medium|high|no|low|high|11-50|medium|low|high|product|medium|low
Reject|CMMS_service|arenasolutions.com|2000|15.1|medium|high|medium|high|no|low|high|51-200|medium|low|high|service|medium|low
Reject|CMMS_service|aspen-asset.com|2010|0.28|low|low|medium|high|no|low|high|2-10|medium|low|high|service|medium|low
Reject|CMMS_service|AssetServices.com|1992|0.92|low|medium|medium|high|no|low|high|2-10|medium|low|high|service|medium|low
Reject|CMMS_service|assetworks.com|2008|25|low|medium|medium|high|no|low|high|201-1000|medium|low|high|service|medium|low
Reject|CMMS_service|avaap.com|2008|22.3|medium|medium|high|high|no|low|high|51-200|medium|low|high|service|medium|low
Reject|CMMS_service|bbuservicesofwv.com|2007|5.4|medium|medium|medium|high|no|low|high|11-50|medium|low|high|service|medium|low
Reject|CMMS_service|betterbuys.com|1996|0.77|low|medium|medium|medium|no|low|medium|2-10|low|low|medium|service|low|low
Reject|CMMS_service|bigmarketresearch.com|2013|15.7|medium|medium|medium|high|no|low|medium|51-200|low|medium|high|service|low|low
Reject|CMMS_service|blockllc.com|2009|8.7|medium|medium|low|high|yes|medium|low|51-200|low|low|high|service|low|low
Reject|CMMS_service|bmsbuildingservices.com|2008|0.03|low|low|low|medium|no|low|low|2-10|low|low|high|service|low|low
Reject|CMMS_service|boaweb.com|2007|88|high|high|medium|high|no|low|high|51-200|medium|medium|high|service|medium|low
Reject|CMMS_service|boerke.com|1993|2.6|medium|medium|medium|medium|yes|low|low|11-50|low|low|high|service|low|low
Reject|CMMS_service|c-coninc.com|1995|10.3|low|low|low|medium|yes|medium|medium|11-50|low|low|high|service|low|low
Reject|CMMS_service|cenetric.com|2008|7|medium|medium|low|medium|no|low|medium|11-50|low|low|high|service|low|low
Reject|CMMS_service|cmms-global.com|2014|0.76|low|low|low|medium|yes|medium|medium|2-10|low|low|high|service|low|low
Reject|CMMS_service|compsych.com|1990|98.4|low|medium|low|medium|yes|low|low|201-1000|low|low|high|service|medium|low
Reject|CMMS_service|corporate-fleet.com|1963|3.9|medium|medium|low|medium|yes|low|low|11-50|low|low|high|service|low|low
Reject|CMMS_service|emergenext.com|2005|11.2|medium|medium|low|medium|no|high|medium|11-50|medium|low|high|service|medium|low
Reject|CMMS_service|managemyvessel.com|2011|0.19|low|medium|low|medium|yes|medium|low|2-10|medium|low|high|service|medium|low
Reject|CMMS_service|info.prometheusgroup.com|1998|24|medium|medium|medium|medium|no|medium|high|51-200|medium|low|high|service|medium|low
Reject|CMMS_service|dpsi.com|1986|35|medium|medium|medium|medium|no|medium|high|201-1000|medium|low|high|service|medium|low
Reject|CMMS_service|eamrfid.com|2007|0.9|low|medium|low|high|yes|medium|low|2-10|medium|low|high|service|low|low
Reject|CMMS_service|edifecs.com|2006|85|medium|medium|medium|medium|no|low|high|201-1000|medium|medium|high|service|medium|low
Reject|CMMS_service|ema-inc.com|1975|15.9|low|medium|low|medium|no|low|medium|51-200|medium|medium|high|service|medium|low
Reject|CMMS_service|ensoftconsulting.com|2003|0.4|medium|medium|low|high|no|low|medium|2-10|medium|medium|high|service|medium|low
Reject|CMMS_service|epicor.com|1972|877|medium|medium|low|medium|no|low|medium|201-1000|medium|medium|high|service|medium|low
Reject|CMMS_service|fleet-genius.com|2012|0.16|low|low|low|high|no|low|medium|2-10|low|low|high|service|medium|low
Reject|CMMS_service|ftmaintenance.com|1985|3.9|low|medium|low|high|no|low|medium|11-50|medium|low|high|service|medium|low
Reject|CMMS_service|havensightconsulting.com|2014|0.86|low|medium|low|high|no|medium|medium|11-50|low|low|high|product|medium|low
Reject|CMMS_service|idcon.com|1987|12.2|medium|medium|low|medium|no|medium|high|11-50|medium|low|high|service|medium|low
Accept|cleaning_service|cleanall.com|1984|7.3|low|high|high|high|yes|low|low|51-200|low|low|high|service|low|low
Accept|cleaning_service|cleanroomcleaning.com|1993|8.4|medium|high|medium|high|yes|low|low|51-200|low|low|high|service|low|low
Accept|cleaning_service|cleantechinc.com|1979|5.6|medium|high|medium|high|yes|low|low|51-200|low|low|high|service|low|low
Accept|cleaning_service|concordindustrial.com|2000|0.16|low|medium|medium|high|no|low|medium|2-10|low|medium|high|service|medium|low
Accept|cleaning_service|corporatecleaninggroup.com|2015|5.7|low|medium|medium|high|yes|low|low|51-200|low|low|high|service|low|low
Accept|cleaning_service|dryiceblastingofatlanta.com|2010|0.6|low|low|low|high|no|low|high|2-10|low|medium|high|service|medium|low
Accept|cleaning_service|dunnservice.com|1971|1.3|low|medium|low|high|no|low|high|11-50|low|medium|high|service|medium|low
Accept|cleaning_service|executivejanitorialcorp.com|1998|0.6|low|low|low|high|yes|low|high|11-50|low|low|high|service|medium|low
Accept|cleaning_service|friskebuilding.com|1984|2|low|low|low|high|yes|low|low|51-200|low|low|high|service|low|low
Accept|cleaning_service|cleansciences.com|1994|1.9|medium|medium|low|high|no|low|high|11-50|medium|medium|high|service|medium|medium
Reject|cleaning_service|cleaningservicesystems.com|1991|6|low|low|low|high|yes|low|low|51-200|low|low|high|service|low|low
Reject|cleaning_service|downrivercleaning.com|1940|3.8|low|low|low|high|yes|low|low|51-200|low|low|high|service|low|low
Reject|cleaning_service|clacleaning.com|2010|0.26|low|low|low|high|yes|low|low|2-10|low|low|high|service|low|low
Reject|cleaning_service|cleanairco.com|2014|0.9|low|low|low|high|yes|low|low|2-10|low|low|high|service|low|low
Reject|cleaning_service|cleancompany.com|1999|1|low|low|low|high|yes|low|low|201-1000|low|low|high|service|low|low
Reject|cleaning_service|cleangreenville.com|2016|0.05|low|low|low|high|yes|low|low|2-10|low|low|high|service|low|low
Reject|cleaning_service|cleaningcfl.com|2013|0.04|low|low|low|high|yes|low|low|2-10|low|low|high|service|low|low
Reject|cleaning_service|commercial-cleaning-atlanta.com|2001|0.3|low|low|low|high|yes|low|low|11-50|low|low|high|service|low|low
Reject|cleaning_service|fkicleaning.com|2009|0.04|low|low|low|high|yes|low|low|2-10|low|low|high|service|low|low
Reject|cleaning_service|corvusjanitorial.com|2011|0.22|low|low|low|high|yes|low|low|11-50|low|low|high|service|low|low
Accept|septic_service|aidtrain.com|1982|0.5|medium|low|medium|high|yes|low|low|11-50|low|low|medium|service|yes|low
Accept|septic_service|alliancemaintenance.com|1983|0.5|low|medium|medium|high|yes|low|low|11-50|medium|low|medium|service|yes|medium
Accept|septic_service|americanpipeandtank.com|1962|0.5|medium|low|medium|high|yes|low|low|11-50|medium|medium|medium|service|no|low
Accept|septic_service|beaudryoilpropanedieselfuel.com|1981|0.5|low|medium|low|high|yes|medium|low|11-50|medium|low|medium|product|no|low
Accept|septic_service|cci-inspection.com|1986|0.5|medium|low|medium|medium|no|medium|medium|11-50|high|medium|medium|service|yes|high
Reject|septic_service|aamanet.org|2008|7.4|low|medium|medium|high|yes|low|low|51-200|medium|medium|medium|service|yes|medium
Reject|septic_service|abc-septic-service.com|1995|0.5|low|low|medium|high|yes|low|low|11-50|medium|medium|medium|service|yes|high
Reject|septic_service|acca.org|1980|4.3|medium|low|low|high|yes|low|low|51-200|low|low|high|service|no|low
Reject|septic_service|acrecycle.org|1992|4.4|low|low|high|high|yes|low|low|51-200|medium|medium|medium|service|yes|medium
Reject|septic_service|acwajpia.com|1979|12|medium|medium|medium|high|yes|low|medium|51-200|medium|medium|medium|service|yes|medium
Reject|septic_service|aesnm.com|2008|0.5|medium|low|medium|high|yes|medium|low|2-10|medium|medium|medium|service|yes|medium
Reject|septic_service|affordable-sewers.com|1992|0.5|low|low|medium|high|yes|medium|low|2-10|medium|medium|medium|service|yes|medium
Reject|septic_service|ai-restoration.com|1974|0.5|medium|medium|medium|high|yes|medium|low|51-200|medium|medium|medium|service|yes|medium
Reject|septic_service|alltecglobal.com|1991|0.5|low|low|low|high|yes|low|low|2-10|low|medium|medium|product|no|low
Reject|septic_service|alseptic.com|1971|0.5|low|low|low|high|yes|low|low|11-50|medium|medium|medium|service|yes|medium
Reject|septic_service|americansurplus.com|1995|0.5|low|low|low|high|yes|medium|low|11-50|low|low|high|product|yes|low
Reject|septic_service|ancoenv.net|1981|0.5|medium|low|medium|high|yes|medium|low|11-50|low|low|medium|service|yes|low
Reject|septic_service|ansul.com|1939|37|medium|medium|medium|high|yes|medium|low|51-200|medium|medium|medium|product|no|low
Reject|septic_service|apexdrum.com|1946|22|medium|medium|low|high|yes|low|low|51-200|medium|low|high|product|no|low
Reject|septic_service|aquapure-il.com|1990|7|medium|low|low|high|yes|medium|low|51-200|low|low|high|product|no|low
Reject|septic_service|asiainspection.com|2002|14|low|medium|low|high|yes|medium|low|51-200|high|medium|medium|service|yes|high
Reject|septic_service|asne.com|1959|7.9|medium|low|low|high|yes|medium|low|11-50|low|low|high|product|no|low
Reject|septic_service|atlastoyota.com|1960|0.5|low|low|low|high|yes|medium|low|51-200|low|low|high|product|no|low
Reject|septic_service|awwa.org|1881|21|low|medium|low|high|yes|medium|low|51-200|medium|medium|medium|service|yes|medium
Reject|septic_service|azo.com|1949|5|medium|low|low|high|yes|medium|low|51-200|high|medium|medium|service|yes|medium
Reject|septic_service|baumannpaper.com|1950|12|low|medium|low|high|yes|medium|low|51-200|medium|low|high|product|yes|medium
Reject|septic_service|bayteccontainers.com|1983|14|medium|low|medium|high|yes|medium|low|51-200|low|low|high|product|no|low
Reject|septic_service|bigjoelift.com|1970|8|medium|low|low|high|yes|medium|low|51-200|medium|low|high|product|no|low
Reject|septic_service|bluerhino.com|1986|13|medium|medium|medium|high|yes|medium|low|51-200|low|low|high|product|no|low
Reject|septic_service|bobulasepticservice.com|2008|0.5|low|low|low|high|yes|medium|low|11-50|medium|medium|medium|service|yes|medium
Reject|septic_service|brandonsepticservices.com|2008|16|low|low|low|high|yes|medium|low|11-50|medium|medium|medium|service|yes|medium
Reject|distributor|buckhorninc.com|1987|42|medium|medium|medium|high|yes|medium|low|11-50|medium|medium|medium|product|no|low
Reject|distributor|bucknerbarrel.com|1975|0.5|low|low|low|high|yes|medium|low|11-50|low|low|high|product|no|low
Reject|distributor|bulk-pack.com|1980|0.5|low|low|low|high|yes|medium|low|11-50|low|low|high|product|no|low
Reject|distributor|bulksystemsinc.com|2008|17|low|low|low|high|yes|medium|low|51-200|low|low|high|product|no|low
Reject|manufacturer|bulktankinc.com|1980|30|medium|medium|medium|medium|yes|low|medium|51-200|medium|medium|medium|service|yes|medium
Reject|manufacturer|byk.com|1873|8|medium|medium|low|high|yes|low|medium|51-200|low|low|medium|product|no|low
Reject|manufacturer|calpaclab.com|1992|16|medium|medium|medium|high|yes|low|low|51-200|low|low|medium|product|no|low
Reject|manufacturer|cefic.org|2008|2.8|low|low|medium|high|yes|low|low|51-200|medium|low|medium|service|yes|low
Reject|manufacturer|championcontainer.com|1968|10|medium|medium|medium|high|yes|low|low|51-200|low|low|medium|product|no|low
Accept|manufacturer|excesslogic.com|2013|0.5|low|low|medium|high|yes|low|low|11-50|medium|medium|medium|service|no|medium
Accept|manufacturer|zentech.com|1998|51|medium|medium|low|high|yes|high|high|51-200|high|high|medium|service|yes|medium
Accept|manufacturer|rankinbiomed.com|1995|7|high|high|medium|low|yes|medium|medium|11-50|medium|medium|medium|product|no|medium
Accept|IT_service|netces.com|1972|26|medium|medium|medium|medium|yes|low|medium|51-200|medium|medium|medium|service|yes|medium
Accept|medical_equipment|dbmedic.com|1995|13|high|medium|medium|low|yes|medium|medium|51-200|medium|medium|medium|product|no|medium
Reject|medical_equipment|medicaldesignsolutions.com|2011|0.05|low|low|medium|low|no|medium|medium|2-10|low|low|high|product|no|low
Reject|medical_equipment|michiganmedicalproducts.com|2008|0.4|medium|low|low|low|yes|medium|medium|2-10|low|low|high|product|no|low
Reject|medical_equipment|lighthouseoptics.com|1987|1.5|medium|low|medium|low|no|medium|low|2-10|medium|medium|medium|product|no|medium
Reject|IT_service|darkreading.com|2006|48|high|high|high|low|no|medium|medium|51-200|high|medium|medium|service|yes|medium
Reject|medical_service|navitaslifesciences.com|2015|3.9|medium|medium|medium|low|yes|low|medium|201-1000|medium|low|high|service|yes|high
Reject|HR_service|deare.com|1998|0.2|high|medium|high|medium|yes|low|low|2-10|medium|low|high|service|yes|high
Reject|medical_service|childrensheartcenter.com|1980|6.4|medium|medium|medium|low|no|low|high|51-200|high|high|medium|service|yes|medium
Reject|medical_service|uoflphysicians.com|2008|7.2|low|medium|high|medium|no|medium|high|51-200|high|medium|medium|service|yes|medium
Reject|medical_service|heartteam.com|2008|4.5|low|medium|high|medium|no|medium|high|51-200|high|medium|medium|service|yes|medium
Reject|medical_service|cayennemedical.com|2008|15|medium|medium|medium|low|no|low|high|51-200|high|medium|medium|product|yes|medium
Reject|medical_equipment|gtbmedical.net|2008|1|medium|low|medium|medium|yes|low|low|2-10|high|low|high|service|yes|low
Reject|medical_service|childrenscvm.com|2008|0.1|medium|medium|medium|medium|no|medium|high|2-10|high|high|medium|service|yes|low
Reject|medical_service|yumaregional.org|1970|21|medium|medium|medium|medium|no|medium|high|51-200|medium|medium|medium|service|yes|low
Reject|medical_equipment|arrl.org|2008|9.8|low|low|medium|high|yes|low|low|51-200|high|medium|medium|service|yes|low
Reject|medical_equipment|sohnen.com|1971|12|low|medium|low|high|yes|low|high|51-200|high|medium|medium|service|yes|medium
Reject|medical_service|nfrmc.com|1968|4.6|medium|medium|medium|medium|no|medium|high|51-200|medium|medium|medium|service|yes|medium
Reject|medical_service|cardiopulmonarydiagnostic.com|2008|4.1|medium|low|medium|high|no|low|medium|201-1000|low|medium|medium|service|yes|low
Reject|medical_equipment|endeprofab.com|1972|0.07|low|low|medium|medium|no|high|high|2-10|medium|low|medium|service|yes|high
Reject|investment|mcmcapital.com|1992|40|medium|medium|medium|low|yes|medium|low|51-200|medium|medium|medium|service|yes|medium
Reject|medical_equipment|treace.com|2014|1.2|medium|low|low|high|yes|low|low|51-200|low|low|medium|product|no|low
Reject|news_service|pharmexec.com|2008|1|low|low|low|high|yes|low|low|2-10|low|low|high|service|yes|low
Reject|marketing_service|medicalmarcom.com|1995|8.3|low|low|medium|high|yes|low|low|2-10|low|low|high|service|yes|low
Reject|medical_equipment|itlmedical.com|1977|1|medium|medium|medium|medium|yes|low|medium|2-10|medium|medium|medium|product|yes|low
Reject|marketing_service|stealingshare.com|2008|10|low|low|medium|low|yes|low|low|2-10|low|low|high|service|yes|low
Reject|marketing_service|infoclutch.com|2008|1|medium|low|high|high|yes|low|low|11-50|medium|low|high|service|yes|low
Reject|marketing_service|solugenix.com|1969|72|medium|medium|high|high|yes|low|low|51-200|low|low|high|service|yes|low
Reject|education|slcccontinuinged.com|2008|2.8|low|medium|medium|high|yes|low|low|2-10|low|low|high|service|yes|low
Reject|IT_service|fulcrum.com|2002|1|medium|low|medium|high|yes|low|low|2-10|low|low|high|service|yes|low
Reject|marketing_service|medjobs.com|1986|10|medium|low|medium|high|yes|low|low|11-50|low|low|high|service|yes|low
Reject|marketing_service|marketing1on1.com|2008|1|medium|low|medium|high|yes|low|low|11-50|low|low|high|service|yes|low
Reject|HR_service|warnersearchgroup.com|1995|1|medium|low|medium|low|no|medium|medium|201-1000|medium|medium|medium|service|yes|low
Reject|marketing_service|pm360online.com|1995|4.2|medium|low|medium|low|no|medium|medium|51-200|medium|medium|medium|service|yes|low
Reject|manufacturer|webindustries.com|1969|22|medium|low|medium|high|yes|low|low|51-200|medium|medium|medium|product|yes|medium
Reject|HR_service|jrgpartners.com|2005|1|low|medium|medium|high|yes|low|low|11-50|low|low|high|service|yes|low
Reject|manufacturer|parpro.com|2001|1|medium|medium|medium|high|yes|low|low|11-50|low|low|high|service|yes|low
Reject|marketing_service|greymattermarketing.com|2001|2.6|medium|low|medium|high|yes|low|low|11-50|low|low|high|service|yes|low
Reject|marketing_service|mmm-online.com|1966|3.2|medium|low|medium|high|yes|low|low|51-200|low|medium|medium|service|yes|low
Reject|manufacturer|fairlawntool.com|1954|1|medium|medium|low|high|yes|medium|medium|51-200|medium|medium|medium|product|yes|medium
Reject|HR_service|connectedgroup.com|2008|1|low|medium|medium|high|yes|low|low|11-50|low|low|high|service|yes|low
Reject|HR_service|oncall-llc.com|1928|29|medium|low|medium|high|yes|low|low|51-200|medium|medium|medium|service|yes|medium
Reject|marketing_service|levelbrand.com|1986|3|medium|medium|high|high|yes|low|low|51-200|medium|low|high|service|yes|medium
Reject|education|alsglobal.net|1998|10|medium|low|low|high|yes|low|low|2-10|low|low|high|service|no|low
Reject|HR_service|growductivity.com|2005|2.9|medium|medium|medium|high|yes|low|low|2-10|low|low|high|service|yes|low
Reject|IT_service|maxxum.com|1997|13|medium|medium|low|high|yes|low|low|51-200|medium|low|high|service|yes|medium
Reject|marketing_service|parkerwhite.com|1998|3.9|medium|low|high|high|yes|low|low|11-50|medium|low|high|service|yes|medium
Reject|manufacturer|paramit.com|1990|38|medium|medium|low|high|yes|low|low|51-200|medium|low|high|service|yes|medium
Reject|manufacturer|segue-mfg.com|1991|40|medium|medium|low|high|yes|low|low|51-200|medium|low|high|service|yes|medium
Reject|marketing_service|equibrandconsulting.com|2000|5|medium|low|high|high|yes|low|low|11-50|medium|low|high|service|yes|medium
Reject|investment|rccf.com|1994|4|medium|low|high|high|yes|low|low|11-50|medium|low|high|service|yes|medium
Reject|marketing_service|practisinc.com|2008|26|medium|medium|high|high|yes|low|low|11-50|medium|low|high|service|yes|medium
Reject|marketing_service|rockvilleredi.org|1997|5|low|low|high|high|yes|low|low|11-50|low|medium|medium|service|no|low
Reject|marketing_service|mindstreamcreative.com|2010|1|medium|low|medium|high|yes|low|low|2-10|low|low|high|service|yes|medium
Reject|marketing_service|skpgroup.com|2013|25|low|medium|high|high|yes|low|low|201-1000|medium|medium|medium|service|yes|medium
Reject|medical_equipment|mendell.com|1965|50|medium|medium|high|high|yes|low|low|51-200|medium|medium|medium|product|yes|medium
Reject|marketing_service|finalstepmarketing.com|1998|1|medium|low|high|high|yes|low|low|2-10|medium|low|high|service|yes|medium
Reject|marketing_service|odwyerpr.com|2008|0.5|medium|low|high|high|yes|low|low|2-10|medium|low|high|service|yes|low
Reject|marketing_service|aranca.com|2003|1|medium|medium|high|high|yes|low|low|201-1000|medium|medium|medium|product|yes|medium
Reject|HR_service|medicalrecruiters.com|2008|22|medium|low|medium|high|yes|low|low|11-50|medium|low|high|service|yes|medium
Reject|marketing_service|enradius.com|2014|3|low|low|medium|high|yes|low|low|11-50|medium|low|high|service|yes|medium
Reject|marketing_service|medicoreach.com|2014|1|medium|low|medium|high|yes|low|low|11-50|medium|low|high|service|yes|medium
Reject|marketing_service|interviewing.com|2008|5|low|low|low|high|yes|low|low|11-50|medium|low|high|service|yes|low
Reject|manufacturer|precise-pak.com|1987|1|medium|medium|low|high|yes|low|low|2-10|medium|low|high|product|yes|medium
Reject|manufacturer|vista-industrial.com|1956|25|low|low|low|high|yes|medium|low|201-1000|medium|low|high|product|yes|medium
Reject|manufacturer|ventamedical.com|2010|6.5|low|low|medium|high|yes|low|low|51-200|medium|low|high|product|yes|low
Reject|HR_service|jacobsmgt.com|1988|7|medium|low|high|high|yes|low|low|11-50|medium|low|high|service|yes|low
Reject|marketing_service|knightmarketing.com|2008|18|medium|low|high|high|yes|low|low|2-10|medium|low|high|service|yes|low
Reject|manufacturer|precoinc.com|1956|7|low|low|low|high|yes|low|low|11-50|medium|low|high|product|yes|medium
Reject|manufacturer|emsginc.com|2008|10|low|low|low|high|yes|low|low|11-50|medium|low|high|service|yes|medium
Reject|medical_equipment|sensile-medical.com|2004|10|medium|low|high|high|yes|low|low|11-50|medium|low|high|service|yes|low
Reject|medical_equipment|valtronic.com|1982|28|medium|medium|high|high|yes|low|low|11-50|low|low|high|product|yes|low
Reject|medical_equipment|bcsmachine.com|1996|11|medium|medium|high|high|yes|low|low|11-50|low|low|high|product|yes|low
Reject|medical_equipment|jademed.com|2005|10|low|low|high|high|yes|low|low|11-50|low|low|high|product|yes|low
Reject|medical_equipment|megadyne.com|1985|20|low|low|high|high|yes|low|low|51-200|medium|medium|medium|product|yes|medium
Reject|medical_equipment|aspirebiotech.com|2008|1|low|low|high|high|yes|low|low|51-200|medium|medium|medium|product|yes|medium
Reject|marketing_service|klaasconsulting.com|2008|1|medium|medium|high|high|yes|low|low|201-1000|medium|medium|medium|product|yes|medium
Reject|medical_service|americanlimb.com|1940|17|medium|medium|medium|high|yes|low|low|51-200|medium|medium|medium|service|yes|low
Reject|medical_equipment|barilcorp.com|1980|20|medium|low|medium|high|yes|low|low|51-200|medium|medium|medium|service|yes|low
Reject|IT_service|moz.com|2004|44|low|low|medium|high|yes|low|low|51-200|medium|low|high|product|yes|low
Reject|medical_equipment|enoshomemedical.com|1950|4|low|low|medium|high|yes|low|low|51-200|medium|low|high|product|yes|low
Reject|medical_equipment|mountmfg.com|2016|1|low|low|medium|high|yes|low|low|2-10|medium|low|high|product|yes|low
Reject|medical_equipment|medical device manufacturer|2008|1|low|low|medium|high|yes|low|low|2-10|medium|low|high|product|no|low
Reject|medical_service|jobshadow.com|2008|1|low|low|medium|high|yes|low|low|2-10|medium|low|high|product|no|low
Reject|HR_service|sterlinglifesciences.com|2008|11|medium|low|high|high|yes|low|low|11-50|medium|low|high|service|yes|low
Reject|medical_equipment|discountmedicalrva.com|2008|23|medium|low|high|high|yes|low|low|11-50|medium|low|high|service|yes|medium
Reject|medical_service|cuttingedgeinfo.com|2002|13|medium|medium|high|high|yes|low|low|51-200|medium|medium|medium|service|yes|medium
Reject|medical_equipment|breg.com|1989|37|medium|medium|high|high|yes|low|low|11-50|medium|medium|medium|service|yes|medium
Reject|medical_equipment|rebuildingfactory.com|2002|29|low|low|high|high|yes|medium|low|51-200|low|low|high|service|no|low
Reject|HR_service|medicalrecruitersincorporated.com|1994|1|low|low|high|high|yes|medium|low|2-10|low|low|high|service|no|low
Reject|medical_equipment|primomedicalgroup.com|1953|1|low|low|high|high|yes|medium|low|2-10|low|low|high|product|yes|medium
Reject|medical_equipment|xeridiem.com|1986|25|medium|low|medium|high|yes|low|low|201-1000|medium|low|high|product|yes|medium
Accept|septic_service|aidtrain.com|1982|0.5|medium|low|medium|high|yes|low|low|2-10|low|low|high|service|yes|low
Accept|septic_service|alliancemaintenance.com|1983|0.7|medium|low|low|high|yes|low|low|51-200|medium|low|high|service|yes|medium
Accept|septic_service|americanpipeandtank.com|1962|0.5|low|low|low|high|yes|low|low|2-10|low|low|high|service|no|low
Accept|septic_service|beaudryoilpropanedieselfuel.com|1987|0.5|medium|medium|medium|high|yes|low|low|2-10|low|low|high|product|no|low
Accept|septic_service|cci-inspection.com|1986|0.5|medium|low|medium|high|yes|low|low|2-10|medium|low|high|service|yes|medium
Reject|septic_service|aamanet.org|1936|7|low|low|medium|high|yes|low|low|51-200|medium|medium|medium|service|yes|medium
Reject|septic_service|abc-septic-service.com|1995|0.5|low|low|low|high|yes|low|low|2-10|low|low|high|service|yes|low
Reject|HR_service|aerotek.com|1983|35|medium|medium|medium|high|yes|low|low|51-200|medium|medium|medium|service|yes|medium
Reject|septic_service|aesnm.com|2006|0.5|low|low|medium|high|yes|low|low|2-10|low|low|high|service|yes|medium
Reject|septic_service|affordable-sewers.com|1995|0.5|low|low|medium|high|yes|low|low|2-10|low|low|high|service|yes|medium
Reject|construction|ai-restoration.com|1974|0.5|medium|medium|low|high|yes|low|low|51-200|low|low|high|service|yes|low
Reject|construction|alltecglobal.com|1991|0.5|medium|low|low|high|yes|low|low|11-50|low|low|high|product|yes|low
Accept|inspection_testing_services|cleanroomcertification.com|1991|0.5|low|low|low|high|yes|low|low|2-10|low|medium|medium|service|no|low
Accept|IT_service|closing.com|2006|5|low|low|medium|high|yes|low|low|11-50|low|low|high|service|no|low
Accept|inspection_testing_services|crompco.com|1992|0.5|low|low|low|high|yes|low|low|11-50|low|low|high|service|no|medium
Accept|inspection_testing_services|csiservices.biz|2004|0.5|low|low|low|high|yes|low|low|11-50|low|low|high|service|no|medium
Accept|cleaning_service|gbmweb.com|1983|0.5|low|low|medium|high|yes|low|low|2-10|medium|low|high|service|yes|medium
Accept|repairement_service|generalfireequipment.net|1975|0.5|medium|low|low|high|yes|low|low|2-10|medium|low|high|product|no|low
Accept|repairement_service|gracetrailer.com|1998|0.5|medium|low|low|high|yes|low|low|2-10|medium|low|high|service|yes|medium
Accept|repairement_service|greensenergy.com|1953|7|medium|low|low|high|yes|low|low|51-200|low|low|high|service|yes|low
Reject|manufacturer|chemicalcontainers.com|1990|37|medium|medium|low|high|yes|low|low|51-200|medium|low|high|product|yes|medium
Reject|manufacturer|chemicalcontainment.com|2008|15|medium|medium|low|high|yes|low|low|51-200|medium|low|high|product|yes|medium
Reject|news_service|chemicals-technology.com|2008|0.5|low|low|low|high|yes|low|low|2-10|low|low|high|service|no|low
Reject|IT_service|cheppallecon.com|1998|4|low|low|medium|high|yes|low|low|51-200|medium|medium|medium|service|yes|medium
Reject|septic_service|chiefsepticvegas.com|1995|0.5|low|low|low|high|yes|low|low|11-50|low|low|high|service|no|medium
Reject|septic_service|cleanitsupply.com|2006|2|low|low|low|high|yes|low|low|11-50|medium|low|high|product|yes|medium
Reject|septic_service|cleanmanagement.com|1992|11|low|medium|low|high|yes|low|low|11-50|low|low|high|service|yes|medium
Reject|septic_service|clevelandplumbingindustry.com|1963|3|low|low|low|high|yes|low|low|11-50|low|low|high|service|no|low
Reject|manufacturer|clevelandtank.com|2008|0.5|medium|low|low|high|yes|low|low|11-50|low|low|high|service|yes|medium
Reject|manufacturer|conserveplc.com|2008|10|low|low|low|high|yes|low|low|51-200|low|low|high|service|yes|medium
Reject|manufacturer|containerexchanger.com|2005|13|low|low|low|high|yes|low|low|51-200|low|low|high|service|yes|medium
Reject|manufacturer|containerexperts.com|2008|0.5|low|low|low|high|yes|low|low|2-10|low|low|high|service|yes|medium
Reject|education|contractor-licensing.com|2008|4|low|low|low|high|yes|low|low|11-50|low|low|high|service|yes|medium
Reject|manufacturer|corriganoil.com|1958|40|medium|medium|medium|high|yes|low|low|51-200|medium|medium|medium|product|yes|medium
Reject|manufacturer|cryogasco2.com|1948|0.5|low|low|low|high|yes|low|low|2-10|low|low|high|service|yes|medium
Reject|manufacturer|cumminsfiltration.com|1958|6|low|low|low|high|yes|low|low|51-200|low|low|high|service|yes|medium
Reject|manufacturer|custom-metalcraft.com|2008|6|low|low|low|high|yes|low|low|11-50|low|low|high|service|yes|medium
Accept|IT_service|scanningamerica.com|1990|27|medium|medium|high|high|yes|low|low|51-200|medium|low|high|service|yes|medium
Accept|inspection_testing_services|radonprms.com|2008|0.5|low|low|low|high|yes|low|low|2-10|low|low|high|service|yes|low
Accept|repairement_service|contracttrailer.com|1983|9|low|low|low|high|yes|low|low|11-50|low|low|high|service|yes|low
Accept|scan_surveying_services|originmetrology.com|2013|0.5|low|low|medium|high|yes|low|low|11-50|low|low|high|service|yes|medium
Accept|medical_service|kcconebeam.com|2013|0.7|medium|low|low|high|yes|low|low|2-10|medium|low|high|service|yes|medium
Accept|scan_surveying_services|sidekickinc.com|2001|15|medium|medium|high|high|yes|low|low|51-200|medium|low|high|service|yes|medium
Accept|scan_surveying_services|berdingsurveying.com|1991|12|medium|low|medium|high|yes|low|low|11-50|medium|low|high|service|yes|medium
Accept|scan_surveying_services|shorelinerecordsmanagement.com|2008|3|low|low|high|high|yes|low|low|11-50|medium|low|high|service|yes|medium
Accept|scan_surveying_services|mtzgeo.com|1974|24|medium|low|high|high|yes|low|low|11-50|medium|medium|medium|service|yes|medium
Accept|IT_service|yourccsteam.com|1972|5|low|low|low|high|yes|low|low|51-200|medium|low|high|service|yes|medium
Accept|scan_surveying_services|groundpenetratingradartexasgpr.com|2001|0.5|medium|low|high|high|yes|low|low|2-10|low|low|high|service|yes|low
Accept|scan_surveying_services|pro-calibration.com|2010|21|medium|low|medium|high|yes|low|low|51-200|low|low|high|service|yes|medium
Accept|scan_surveying_services|delphiprecisionimaging.com|2015|0.5|medium|low|low|high|yes|low|low|2-10|low|low|high|product|yes|medium
Accept|scan_surveying_services|edholmessurveying.com|2005|30|medium|low|medium|high|yes|low|low|51-200|medium|medium|medium|service|yes|medium
Accept|scan_surveying_services|m.truepointscanning.com|2011|0.5|medium|low|medium|high|yes|low|low|2-10|low|medium|medium|service|yes|medium
Accept|HR_service|hiredynamics.com|2001|52|medium|medium|medium|high|yes|low|low|51-200|medium|low|high|service|yes|medium
Accept|IT_service|imagingservices.com|1939|53|medium|medium|high|high|yes|low|low|201-1000|medium|medium|medium|service|yes|medium
Accept|scan_surveying_services|calvadasurveying.com|2008|26|medium|low|medium|high|yes|low|low|51-200|medium|medium|medium|service|yes|medium
Accept|medical_service|veterinarydental.com|2009|2|low|low|medium|high|yes|low|low|11-50|medium|medium|medium|service|yes|medium
Accept|IT_service|forensis.com|2003|19|medium|medium|high|high|yes|low|low|51-200|medium|medium|medium|service|yes|medium
Reject|scan_surveying_services|erieinspection.com|2008|0.5|low|low|medium|high|yes|low|low|2-10|low|low|high|service|yes|high
Reject|education|edweek.org|1981|37|medium|medium|medium|high|yes|low|low|201-1000|medium|medium|medium|service|yes|low
Reject|scan_surveying_services|ibbtechusa.com|2008|0.5|low|low|medium|high|yes|low|low|2-10|low|low|high|service|yes|high
Reject|IT_service|goodbyekansasstudios.com|2008|0.5|low|low|high|high|yes|low|high|2-10|medium|high|medium|service|yes|high
Reject|scan_surveying_services|amcoig.com|2008|0.5|low|low|medium|high|yes|low|low|2-10|low|low|high|service|yes|high
Reject|scan_surveying_services|shoemaker-haaland.com|1976|35|medium|medium|medium|high|yes|low|low|51-200|medium|medium|medium|service|yes|medium
Reject|IT_service|theverge.com|2011|4|low|low|high|high|yes|low|low|51-200|medium|medium|medium|service|yes|medium
Reject|scan_surveying_services|amerisurv.com|2008|21|medium|medium|medium|high|yes|low|low|11-50|medium|medium|medium|service|yes|medium
Reject|scan_surveying_services|metrologyequipmentservices.com|2003|13|medium|medium|medium|high|yes|low|low|11-50|medium|medium|medium|service|yes|medium
Reject|scan_surveying_services|tandm.net|1994|0.5|medium|low|low|high|yes|low|low|2-10|low|low|medium|service|yes|low
Reject|scan_surveying_services|aberlink.com|1993|0.5|low|low|medium|high|yes|low|low|2-10|low|low|high|service|yes|medium
Reject|scan_surveying_services|3dlasersurveys.com|1995|15|low|low|medium|high|yes|low|low|11-50|low|low|high|service|yes|medium
Reject|IT_service|photo-graphiccreations.com|2003|11|medium|medium|high|high|yes|low|low|51-200|medium|low|high|service|yes|low
Reject|manufacturer|iowamach.com|1918|9|medium|low|high|high|yes|low|low|11-50|medium|low|high|product|yes|medium
Reject|manufacturer|westardisplaytechnologies.com|2003|17|medium|medium|low|high|yes|low|low|51-200|medium|medium|medium|product|yes|medium
Reject|manufacturer|toveyengineering.com|1995|8|medium|low|low|high|yes|low|low|11-50|medium|medium|medium|product|yes|medium
Reject|IT_service|ndtcs.com|2006|3|low|low|high|high|yes|low|low|51-200|medium|low|high|service|yes|medium
Reject|manufacturer|smdsensors.com|1979|25|medium|medium|low|high|yes|low|low|51-200|medium|low|high|product|yes|medium
Reject|medical_equipment|acousticsbydesign.com|1962|9|medium|low|medium|high|yes|low|medium|11-50|medium|medium|medium|service|yes|medium
Reject|manufacturer|zyci.com|2013|5|low|low|medium|high|yes|low|medium|11-50|medium|medium|medium|product|yes|medium
||||||||||||||||||
||||||||||||||||||
||||||||||||||||||
||||||||||||||||||
||||||||||||||||||
||||||||||||||||||
||||||||||||||||||
||||||||||||||||||
||||||||||||||||||
||||||||||||||||||
||||||||||||||||||
||||||||||||||||||
||||||||||||||||||
||||||||||||||||||
||||||||||||||||||
||||||||||||||||||
||||||||||||||||||
||||||||||||||||||
||||||||||||||||||
||||||||||||||||||
||||||||||||||||||
||||||||||||||||||
||||||||||||||||||
||||||||||||||||||
||||||||||||||||||
||||||||||||||||||
||||||||||||||||||
||||||||||||||||||
||||||||||||||||||
||||||||||||||||||
||||||||||||||||||
||||||||||||||||||
||||||||||||||||||
||||||||||||||||||
||||||||||||||||||
||||||||||||||||||
||||||||||||||||||
||||||||||||||||||
||||||||||||||||||
||||||||||||||||||
||||||||||||||||||
||||||||||||||||||
||||||||||||||||||
||||||||||||||||||
||||||||||||||||||
||||||||||||||||||
||||||||||||||||||
||||||||||||||||||
||||||||||||||||||
||||||||||||||||||
||||||||||||||||||
||||||||||||||||||
||||||||||||||||||
||||||||||||||||||
||||||||||||||||||
||||||||||||||||||
||||||||||||||||||
||||||||||||||||||
||||||||||||||||||
||||||||||||||||||
||||||||||||||||||
||||||||||||||||||
||||||||||||||||||
||||||||||||||||||
||||||||||||||||||
||||||||||||||||||
||||||||||||||||||
||||||||||||||||||
||||||||||||||||||
||||||||||||||||||
||||||||||||||||||
||||||||||||||||||
||||||||||||||||||
||||||||||||||||||
||||||||||||||||||
||||||||||||||||||
||||||||||||||||||
||||||||||||||||||
||||||||||||||||||
||||||||||||||||||
||||||||||||||||||
||||||||||||||||||
||||||||||||||||||
||||||||||||||||||
||||||||||||||||||
||||||||||||||||||
||||||||||||||||||
||||||||||||||||||
||||||||||||||||||
||||||||||||||||||
||||||||||||||||||
||||||||||||||||||
||||||||||||||||||
||||||||||||||||||
||||||||||||||||||
||||||||||||||||||
||||||||||||||||||
||||||||||||||||||
||||||||||||||||||
||||||||||||||||||
||||||||||||||||||
||||||||||||||||||
||||||||||||||||||
||||||||||||||||||
||||||||||||||||||
||||||||||||||||||
||||||||||||||||||
||||||||||||||||||
||||||||||||||||||
||||||||||||||||||
||||||||||||||||||
||||||||||||||||||
||||||||||||||||||
||||||||||||||||||
||||||||||||||||||
||||||||||||||||||
||||||||||||||||||
||||||||||||||||||
||||||||||||||||||
||||||||||||||||||
||||||||||||||||||
||||||||||||||||||
||||||||||||||||||
||||||||||||||||||
||||||||||||||||||
||||||||||||||||||
||||||||||||||||||
||||||||||||||||||
||||||||||||||||||
||||||||||||||||||
||||||||||||||||||
||||||||||||||||||
||||||||||||||||||
||||||||||||||||||
||||||||||||||||||
||||||||||||||||||
||||||||||||||||||
||||||||||||||||||
||||||||||||||||||
||||||||||||||||||
||||||||||||||||||
||||||||||||||||||
||||||||||||||||||
||||||||||||||||||
||||||||||||||||||
||||||||||||||||||
||||||||||||||||||
||||||||||||||||||
||||||||||||||||||
||||||||||||||||||
||||||||||||||||||
||||||||||||||||||
||||||||||||||||||
||||||||||||||||||
||||||||||||||||||
||||||||||||||||||
||||||||||||||||||
||||||||||||||||||
||||||||||||||||||
||||||||||||||||||
||||||||||||||||||
||||||||||||||||||
||||||||||||||||||
||||||||||||||||||
||||||||||||||||||
||||||||||||||||||
||||||||||||||||||
||||||||||||||||||
||||||||||||||||||
||||||||||||||||||
||||||||||||||||||
||||||||||||||||||
||||||||||||||||||
||||||||||||||||||
||||||||||||||||||
||||||||||||||||||
||||||||||||||||||
||||||||||||||||||
||||||||||||||||||
||||||||||||||||||
||||||||||||||||||
||||||||||||||||||
||||||||||||||||||
||||||||||||||||||
||||||||||||||||||
||||||||||||||||||
||||||||||||||||||
||||||||||||||||||
||||||||||||||||||
||||||||||||||||||
||||||||||||||||||
||||||||||||||||||
||||||||||||||||||
||||||||||||||||||
||||||||||||||||||
||||||||||||||||||
||||||||||||||||||
||||||||||||||||||
||||||||||||||||||
||||||||||||||||||
||||||||||||||||||
||||||||||||||||||
||||||||||||||||||
||||||||||||||||||
||||||||||||||||||
||||||||||||||||||
||||||||||||||||||
||||||||||||||||||
||||||||||||||||||
||||||||||||||||||
||||||||||||||||||
